,mean_fit_time,mean_score_time,mean_test_score,mean_train_score,param_clf__C,param_clf__gamma,param_clf__kernel,params,rank_test_score,split0_test_score,split0_train_score,split1_test_score,split1_train_score,split2_test_score,split2_train_score,split3_test_score,split3_train_score,split4_test_score,split4_train_score,std_fit_time,std_score_time,std_test_score,std_train_score
0,5.7061999321,0.80620007515,0.935666666667,0.937933333333,0.03125,,linear,"{'clf__C': 0.03125, 'clf__kernel': 'linear'}",66,0.934666666667,0.939166666667,0.934333333333,0.937916666667,0.936666666667,0.93725,0.934666666667,0.937833333333,0.938,0.9375,0.188101453292,0.0188403848467,0.00142984070597,0.000661227814163
1,4.88740000725,0.716400051117,0.960533333333,0.963,0.0625,,linear,"{'clf__C': 0.0625, 'clf__kernel': 'linear'}",58,0.957,0.96475,0.964333333333,0.960916666667,0.961666666667,0.962583333333,0.958,0.964166666667,0.961666666667,0.962583333333,0.0538835942838,0.0192935597839,0.0026799668323,0.00134989711542
2,4.03120002747,0.588999986649,0.975333333333,0.978966666667,0.125,,linear,"{'clf__C': 0.125, 'clf__kernel': 'linear'}",50,0.969666666667,0.980166666667,0.978666666667,0.977833333333,0.977,0.978666666667,0.974333333333,0.978833333333,0.977,0.979333333333,0.0740631825389,0.0213728971106,0.00315524255099,0.000770281333886
3,3.47939996719,0.492800045013,0.9834,0.98705,0.25,,linear,"{'clf__C': 0.25, 'clf__kernel': 'linear'}",36,0.977666666667,0.98875,0.986333333333,0.986666666667,0.984333333333,0.986583333333,0.982666666667,0.9865,0.986,0.98675,0.0674109914596,0.0140484773241,0.00315101394616,0.000854075198355
4,3.08720006943,0.410599994659,0.986666666667,0.99065,0.5,,linear,"{'clf__C': 0.5, 'clf__kernel': 'linear'}",23,0.981666666667,0.99175,0.989,0.99025,0.987,0.990416666667,0.987,0.990583333333,0.988666666667,0.99025,0.0662251030708,0.00952049330593,0.00263312235442,0.00056371781751
5,2.74520001411,0.362400007248,0.987866666667,0.993633333333,1.0,,linear,"{'clf__C': 1.0, 'clf__kernel': 'linear'}",16,0.983,0.994333333333,0.990333333333,0.993,0.989333333333,0.99375,0.987666666667,0.993916666667,0.989,0.993166666667,0.0500575331821,0.00823656480386,0.00257854394744,0.000490464632319
6,2.67760004997,0.320599937439,0.988333333333,0.995866666667,2.0,,linear,"{'clf__C': 2.0, 'clf__kernel': 'linear'}",4,0.984666666667,0.995916666667,0.991,0.995916666667,0.99,0.99575,0.986333333333,0.996166666667,0.989666666667,0.995583333333,0.093732809175,0.00803996067907,0.00241292814278,0.000194365063161
7,2.48280005455,0.285999917984,0.9868,0.997883333333,4.0,,linear,"{'clf__C': 4.0, 'clf__kernel': 'linear'}",22,0.983333333333,0.99825,0.989,0.9975,0.987333333333,0.997833333333,0.986333333333,0.99825,0.988,0.997583333333,0.0353180570115,0.00379468433757,0.00193907194297,0.000318852107828
8,2.49039998055,0.265600061417,0.985,0.998716666667,8.0,,linear,"{'clf__C': 8.0, 'clf__kernel': 'linear'}",35,0.984,0.998583333333,0.986666666667,0.998666666667,0.984666666667,0.99875,0.983666666667,0.998916666667,0.986,0.998666666667,0.0483098645217,0.0101113683873,0.00115470053838,0.000113038833052
9,2.50660004616,0.259799957275,0.9834,0.999166666667,16.0,,linear,"{'clf__C': 16.0, 'clf__kernel': 'linear'}",36,0.982666666667,0.999083333333,0.985333333333,0.998916666667,0.982333333333,0.999166666667,0.982666666667,0.999416666667,0.984,0.99925,0.0336903874529,0.00705407118994,0.00112348663642,0.000166666666667
10,2.68340001106,0.260200023651,0.9818,0.99925,32.0,,linear,"{'clf__C': 32.0, 'clf__kernel': 'linear'}",40,0.981,0.99925,0.983333333333,0.999083333333,0.981333333333,0.999166666667,0.979333333333,0.999333333333,0.984,0.999416666667,0.0519253503956,0.0114087934549,0.00168126936172,0.000117851130198
11,6.21959996223,1.06000003815,0.901,0.901,0.03125,0.03125,rbf,"{'clf__gamma': 0.03125, 'clf__C': 0.03125, 'clf__kernel': 'rbf'}",119,0.901,0.901,0.901,0.901,0.901,0.901,0.901,0.901,0.901,0.901,0.0559021050933,0.0554725283155,0.0,0.0
12,6.45460000038,1.10900001526,0.901,0.901,0.03125,0.0625,rbf,"{'clf__gamma': 0.0625, 'clf__C': 0.03125, 'clf__kernel': 'rbf'}",119,0.901,0.901,0.901,0.901,0.901,0.901,0.901,0.901,0.901,0.901,0.0568949081034,0.0433912578006,0.0,0.0
13,6.70679998398,1.11920003891,0.901,0.901,0.03125,0.125,rbf,"{'clf__gamma': 0.125, 'clf__C': 0.03125, 'clf__kernel': 'rbf'}",119,0.901,0.901,0.901,0.901,0.901,0.901,0.901,0.901,0.901,0.901,0.0853238167316,0.0476798471997,0.0,0.0
14,6.58160004616,1.12620000839,0.9058,0.90575,0.03125,0.25,rbf,"{'clf__gamma': 0.25, 'clf__C': 0.03125, 'clf__kernel': 'rbf'}",88,0.907,0.906166666667,0.906,0.90625,0.904666666667,0.90575,0.905,0.906,0.906333333333,0.904583333333,0.123569590767,0.0509996341528,0.000858939915115,0.000607819417627
15,6.71640000343,1.16440000534,0.913666666667,0.913966666667,0.03125,0.5,rbf,"{'clf__gamma': 0.5, 'clf__C': 0.03125, 'clf__kernel': 'rbf'}",83,0.913666666667,0.914916666667,0.913333333333,0.914916666667,0.912,0.91375,0.913,0.913916666667,0.916333333333,0.912333333333,0.0521789229363,0.0796583149834,0.00144529889258,0.000951022841179
16,7.35539999008,1.27720003128,0.909133333333,0.9095,0.03125,1.0,rbf,"{'clf__gamma': 1.0, 'clf__C': 0.03125, 'clf__kernel': 'rbf'}",85,0.909333333333,0.910083333333,0.909666666667,0.910083333333,0.906666666667,0.909666666667,0.908666666667,0.9095,0.911333333333,0.908166666667,0.0908264015441,0.0281168970506,0.00151437555888,0.000705139860044
17,14.3591999531,2.22340006828,0.901,0.901,0.03125,2.0,rbf,"{'clf__gamma': 2.0, 'clf__C': 0.03125, 'clf__kernel': 'rbf'}",119,0.901,0.901,0.901,0.901,0.901,0.901,0.901,0.901,0.901,0.901,0.39716462633,0.174933902684,0.0,0.0
18,43.0269999981,5.54839997292,0.901,0.901,0.03125,4.0,rbf,"{'clf__gamma': 4.0, 'clf__C': 0.03125, 'clf__kernel': 'rbf'}",119,0.901,0.901,0.901,0.901,0.901,0.901,0.901,0.901,0.901,0.901,0.0275172570061,0.207399692667,0.0,0.0
19,43.695800066,5.61199994087,0.901,0.901,0.03125,8.0,rbf,"{'clf__gamma': 8.0, 'clf__C': 0.03125, 'clf__kernel': 'rbf'}",119,0.901,0.901,0.901,0.901,0.901,0.901,0.901,0.901,0.901,0.901,0.31077345196,0.112990248383,0.0,0.0
20,42.5622000217,5.63460001945,0.901,0.901,0.03125,16.0,rbf,"{'clf__gamma': 16.0, 'clf__C': 0.03125, 'clf__kernel': 'rbf'}",119,0.901,0.901,0.901,0.901,0.901,0.901,0.901,0.901,0.901,0.901,0.221053294771,0.162673441773,0.0,0.0
21,41.771999979,5.64340000153,0.901,0.901,0.03125,32.0,rbf,"{'clf__gamma': 32.0, 'clf__C': 0.03125, 'clf__kernel': 'rbf'}",119,0.901,0.901,0.901,0.901,0.901,0.901,0.901,0.901,0.901,0.901,0.1397354635,0.111270083044,0.0,0.0
22,6.48639993668,1.0688000679,0.901,0.901,0.0625,0.03125,rbf,"{'clf__gamma': 0.03125, 'clf__C': 0.0625, 'clf__kernel': 'rbf'}",119,0.901,0.901,0.901,0.901,0.901,0.901,0.901,0.901,0.901,0.901,0.0881875640683,0.0487540574077,0.0,0.0
23,6.38899998665,1.09619998932,0.901,0.901,0.0625,0.0625,rbf,"{'clf__gamma': 0.0625, 'clf__C': 0.0625, 'clf__kernel': 'rbf'}",119,0.901,0.901,0.901,0.901,0.901,0.901,0.901,0.901,0.901,0.901,0.0710155243947,0.0268655465155,0.0,0.0
24,6.43639998436,1.1009999752,0.912066666667,0.911966666667,0.0625,0.125,rbf,"{'clf__gamma': 0.125, 'clf__C': 0.0625, 'clf__kernel': 'rbf'}",84,0.912333333333,0.912916666667,0.912333333333,0.913,0.909333333333,0.91175,0.911333333333,0.911916666667,0.915,0.91025,0.0340563703452,0.0433958122696,0.00183060402903,0.000996661092515
25,6.44960002899,1.08779993057,0.9258,0.927816666667,0.0625,0.25,rbf,"{'clf__gamma': 0.25, 'clf__C': 0.0625, 'clf__kernel': 'rbf'}",73,0.923,0.9285,0.926,0.927916666667,0.926333333333,0.92775,0.925,0.928,0.928666666667,0.926916666667,0.0968516610945,0.0294645627402,0.00184511366708,0.000514781507049
26,6.39619998932,1.10959997177,0.930933333333,0.93415,0.0625,0.5,rbf,"{'clf__gamma': 0.5, 'clf__C': 0.0625, 'clf__kernel': 'rbf'}",70,0.928666666667,0.936083333333,0.931666666667,0.933583333333,0.93,0.932583333333,0.929666666667,0.9345,0.934666666667,0.934,0.0676738242796,0.04190753761,0.00210185103606,0.00115397862487
27,7.43439998627,1.23779997826,0.927533333333,0.931066666667,0.0625,1.0,rbf,"{'clf__gamma': 1.0, 'clf__C': 0.0625, 'clf__kernel': 'rbf'}",72,0.924666666667,0.932,0.927666666667,0.930833333333,0.927333333333,0.931,0.927333333333,0.931,0.930666666667,0.9305,0.0341503432319,0.0290475762596,0.00190438091428,0.000501109879279
28,14.5386000156,2.27440004349,0.907133333333,0.908466666667,0.0625,2.0,rbf,"{'clf__gamma': 2.0, 'clf__C': 0.0625, 'clf__kernel': 'rbf'}",86,0.908,0.908833333333,0.907333333333,0.908833333333,0.906333333333,0.908333333333,0.906666666667,0.90875,0.907333333333,0.907583333333,0.515380552024,0.125512686322,0.000581186525805,0.00047900359544
29,46.8765999794,5.56840004921,0.9022,0.902183333333,0.0625,4.0,rbf,"{'clf__gamma': 4.0, 'clf__C': 0.0625, 'clf__kernel': 'rbf'}",118,0.902,0.902333333333,0.902333333333,0.902083333333,0.902,0.902333333333,0.902,0.902166666667,0.902666666667,0.902,0.2518154793,0.110751254073,0.000266666666667,0.000133333333333
30,58.1824000359,5.59719996452,0.901,0.901,0.0625,8.0,rbf,"{'clf__gamma': 8.0, 'clf__C': 0.0625, 'clf__kernel': 'rbf'}",119,0.901,0.901,0.901,0.901,0.901,0.901,0.901,0.901,0.901,0.901,0.426144399671,0.0707712079228,0.0,0.0
31,57.6203999996,5.6,0.901,0.901,0.0625,16.0,rbf,"{'clf__gamma': 16.0, 'clf__C': 0.0625, 'clf__kernel': 'rbf'}",119,0.901,0.901,0.901,0.901,0.901,0.901,0.901,0.901,0.901,0.901,0.238335601568,0.0965918887949,0.0,0.0
32,58.9193999767,5.67720003128,0.901,0.901,0.0625,32.0,rbf,"{'clf__gamma': 32.0, 'clf__C': 0.0625, 'clf__kernel': 'rbf'}",119,0.901,0.901,0.901,0.901,0.901,0.901,0.901,0.901,0.901,0.901,0.265478108589,0.0450084328935,0.0,0.0
33,6.62880005836,1.06939992905,0.901,0.901,0.125,0.03125,rbf,"{'clf__gamma': 0.03125, 'clf__C': 0.125, 'clf__kernel': 'rbf'}",119,0.901,0.901,0.901,0.901,0.901,0.901,0.901,0.901,0.901,0.901,0.183909161425,0.031613891197,0.0,0.0
34,6.45180001259,1.08220000267,0.915866666667,0.916116666667,0.125,0.0625,rbf,"{'clf__gamma': 0.0625, 'clf__C': 0.125, 'clf__kernel': 'rbf'}",81,0.915666666667,0.917,0.915333333333,0.917083333333,0.913666666667,0.915833333333,0.916333333333,0.91625,0.918333333333,0.914416666667,0.058680097547,0.0735864093662,0.00151437555888,0.000969822435065
35,6.24879999161,1.05499997139,0.930466666667,0.93245,0.125,0.125,rbf,"{'clf__gamma': 0.125, 'clf__C': 0.125, 'clf__kernel': 'rbf'}",71,0.927333333333,0.933583333333,0.930666666667,0.931916666667,0.931666666667,0.93225,0.929,0.932833333333,0.933666666667,0.931666666667,0.0407253981374,0.0522531335577,0.00217664369564,0.000688395880935
36,6.0240000248,1.03140001297,0.9458,0.948783333333,0.125,0.25,rbf,"{'clf__gamma': 0.25, 'clf__C': 0.125, 'clf__kernel': 'rbf'}",65,0.943333333333,0.950166666667,0.947333333333,0.947916666667,0.946,0.948083333333,0.945333333333,0.94925,0.947,0.9485,0.0514626248632,0.0598818855879,0.0014236104336,0.000830996724155
37,6.03180003166,1.03299994469,0.953133333333,0.957816666667,0.125,0.5,rbf,"{'clf__gamma': 0.5, 'clf__C': 0.125, 'clf__kernel': 'rbf'}",62,0.951,0.959333333333,0.956333333333,0.955916666667,0.954,0.957666666667,0.95,0.958333333333,0.954333333333,0.957833333333,0.0909513810609,0.0543359192255,0.00231516738056,0.00111355287257
38,7.0954000473,1.15879998207,0.9474,0.953666666667,0.125,1.0,rbf,"{'clf__gamma': 1.0, 'clf__C': 0.125, 'clf__kernel': 'rbf'}",64,0.943333333333,0.955166666667,0.949333333333,0.952333333333,0.947333333333,0.953,0.947333333333,0.954,0.949666666667,0.953833333333,0.102036469777,0.077800724441,0.00225487127004,0.000960324019393
39,14.5063999653,2.31279997826,0.9202,0.9256,0.125,2.0,rbf,"{'clf__gamma': 2.0, 'clf__C': 0.125, 'clf__kernel': 'rbf'}",74,0.918,0.926666666667,0.919333333333,0.925916666667,0.919666666667,0.925333333333,0.921666666667,0.92525,0.922333333333,0.924833333333,0.291436837949,0.142460339508,0.00158605030045,0.000635522532165
40,54.8909999847,5.59099998474,0.902733333333,0.903233333333,0.125,4.0,rbf,"{'clf__gamma': 4.0, 'clf__C': 0.125, 'clf__kernel': 'rbf'}",111,0.902333333333,0.903333333333,0.903,0.903166666667,0.902666666667,0.90325,0.903,0.903166666667,0.902666666667,0.90325,0.259394668926,0.145589864114,0.000249443825785,6.23609564462e-05
41,67.6319999695,5.6446000576,0.902733333333,0.902983333333,0.125,8.0,rbf,"{'clf__gamma': 8.0, 'clf__C': 0.125, 'clf__kernel': 'rbf'}",111,0.902333333333,0.903083333333,0.903,0.902916666667,0.902666666667,0.903,0.903,0.902916666667,0.902666666667,0.903,0.274986587306,0.138161679549,0.000249443825785,6.23609564462e-05
42,67.0171999931,5.67899999619,0.902666666667,0.902833333333,0.125,16.0,rbf,"{'clf__gamma': 16.0, 'clf__C': 0.125, 'clf__kernel': 'rbf'}",114,0.902333333333,0.902916666667,0.903,0.90275,0.902666666667,0.902833333333,0.902666666667,0.902833333333,0.902666666667,0.902833333333,0.33703906803,0.123597726842,0.000210818510678,5.27046276695e-05
43,67.6239999771,5.66280002594,0.902666666667,0.902833333333,0.125,32.0,rbf,"{'clf__gamma': 32.0, 'clf__C': 0.125, 'clf__kernel': 'rbf'}",114,0.902333333333,0.902916666667,0.903,0.90275,0.902666666667,0.902833333333,0.902666666667,0.902833333333,0.902666666667,0.902833333333,0.269953334829,0.191030245382,0.000210818510678,5.27046276695e-05
44,6.70580000877,1.10460000038,0.918,0.918316666667,0.25,0.03125,rbf,"{'clf__gamma': 0.03125, 'clf__C': 0.25, 'clf__kernel': 'rbf'}",80,0.916666666667,0.919583333333,0.917333333333,0.919583333333,0.917,0.917833333333,0.918333333333,0.917916666667,0.920666666667,0.916666666667,0.161060701305,0.0649696433338,0.00144529889258,0.00112472218792
45,6.221200037,1.06659994125,0.933466666667,0.934916666667,0.25,0.0625,rbf,"{'clf__gamma': 0.0625, 'clf__C': 0.25, 'clf__kernel': 'rbf'}",69,0.932333333333,0.9355,0.933333333333,0.935083333333,0.933333333333,0.934583333333,0.932666666667,0.934916666667,0.935666666667,0.9345,0.0514097260577,0.0671970603107,0.00116619037897,0.000361324723145
46,5.76059999466,0.970599985123,0.952666666667,0.955883333333,0.25,0.125,rbf,"{'clf__gamma': 0.125, 'clf__C': 0.25, 'clf__kernel': 'rbf'}",63,0.950666666667,0.957333333333,0.955666666667,0.954083333333,0.953,0.955416666667,0.95,0.95675,0.954,0.955833333333,0.0592033555201,0.0537869496667,0.00209761769634,0.0011237338554
47,5.41480002403,0.895999956131,0.967466666667,0.97145,0.25,0.25,rbf,"{'clf__gamma': 0.25, 'clf__C': 0.25, 'clf__kernel': 'rbf'}",57,0.962,0.972916666667,0.97,0.969666666667,0.969,0.971416666667,0.966666666667,0.97175,0.969666666667,0.9715,0.0336890825604,0.0493152901329,0.00297097066069,0.0010416333328
48,5.39499993324,0.897800064087,0.973133333333,0.9788,0.25,0.5,rbf,"{'clf__gamma': 0.5, 'clf__C': 0.25, 'clf__kernel': 'rbf'}",54,0.967333333333,0.980583333333,0.976,0.977416666667,0.974333333333,0.978333333333,0.973333333333,0.9785,0.974666666667,0.979166666667,0.107470912547,0.0377539397533,0.00302287574633,0.00105224627451
49,6.85399999619,1.053799963,0.968866666667,0.979333333333,0.25,1.0,rbf,"{'clf__gamma': 1.0, 'clf__C': 0.25, 'clf__kernel': 'rbf'}",56,0.964,0.981583333333,0.971666666667,0.978,0.968333333333,0.978666666667,0.969,0.979333333333,0.971333333333,0.979083333333,0.23945936265,0.0381072883845,0.00275358352374,0.0012122064364
50,14.3487999439,2.26160001755,0.934533333333,0.951966666667,0.25,2.0,rbf,"{'clf__gamma': 2.0, 'clf__C': 0.25, 'clf__kernel': 'rbf'}",67,0.931333333333,0.953416666667,0.935666666667,0.951416666667,0.935,0.951083333333,0.934666666667,0.952333333333,0.936,0.951583333333,0.457956971452,0.123608420148,0.00166799946709,0.000832666399786
51,61.6579999924,5.62179994583,0.9028,0.904183333333,0.25,4.0,rbf,"{'clf__gamma': 4.0, 'clf__C': 0.25, 'clf__kernel': 'rbf'}",110,0.902333333333,0.90425,0.903,0.904,0.902666666667,0.904416666667,0.903333333333,0.904166666667,0.902666666667,0.904083333333,0.852881453566,0.166928002168,0.00033993463424,0.000143372087784
52,74.0347999573,5.53000001907,0.902733333333,0.903066666667,0.25,8.0,rbf,"{'clf__gamma': 8.0, 'clf__C': 0.25, 'clf__kernel': 'rbf'}",111,0.902333333333,0.903166666667,0.903,0.903,0.902666666667,0.903083333333,0.903,0.903,0.902666666667,0.903083333333,0.584262063665,0.039242861931,0.000249443825785,6.23609564462e-05
53,71.9934000015,5.65520005226,0.902666666667,0.902833333333,0.25,16.0,rbf,"{'clf__gamma': 16.0, 'clf__C': 0.25, 'clf__kernel': 'rbf'}",114,0.902333333333,0.902916666667,0.903,0.90275,0.902666666667,0.902833333333,0.902666666667,0.902833333333,0.902666666667,0.902833333333,0.718544251289,0.102573627901,0.000210818510678,5.27046276695e-05
54,72.4837999821,5.66160001755,0.902666666667,0.902833333333,0.25,32.0,rbf,"{'clf__gamma': 32.0, 'clf__C': 0.25, 'clf__kernel': 'rbf'}",114,0.902333333333,0.902916666667,0.903,0.90275,0.902666666667,0.902833333333,0.902666666667,0.902833333333,0.902666666667,0.902833333333,0.595949507132,0.0802834901571,0.000210818510678,5.27046276695e-05
55,6.33359994888,1.01180000305,0.9344,0.9363,0.5,0.03125,rbf,"{'clf__gamma': 0.03125, 'clf__C': 0.5, 'clf__kernel': 'rbf'}",68,0.934,0.937,0.934,0.93625,0.934,0.9355,0.933666666667,0.93675,0.936333333333,0.936,0.0521942201756,0.0183237114718,0.000975249255889,0.000533853912602
56,5.76000008583,0.949799966812,0.956533333333,0.959433333333,0.5,0.0625,rbf,"{'clf__gamma': 0.0625, 'clf__C': 0.5, 'clf__kernel': 'rbf'}",61,0.954,0.960833333333,0.96,0.95725,0.956333333333,0.959,0.954666666667,0.960416666667,0.957666666667,0.959666666667,0.0552050874743,0.0310058079577,0.00215612821717,0.00125985007926
57,5.16179995537,0.851600027084,0.9726,0.976,0.5,0.125,rbf,"{'clf__gamma': 0.125, 'clf__C': 0.5, 'clf__kernel': 'rbf'}",55,0.967,0.977916666667,0.974333333333,0.974583333333,0.973666666667,0.975416666667,0.973,0.975916666667,0.975,0.976166666667,0.105446470353,0.0154738737176,0.00287827108599,0.00110050493461
58,4.81680006981,0.763199901581,0.979066666667,0.98385,0.5,0.25,rbf,"{'clf__gamma': 0.25, 'clf__C': 0.5, 'clf__kernel': 'rbf'}",44,0.973,0.985166666667,0.983666666667,0.983166666667,0.979333333333,0.983666666667,0.978666666667,0.983583333333,0.980666666667,0.983666666667,0.0530637043905,0.0132574839867,0.00348584438997,0.000683942817623
59,4.99219994545,0.786000013351,0.9818,0.988933333333,0.5,0.5,rbf,"{'clf__gamma': 0.5, 'clf__C': 0.5, 'clf__kernel': 'rbf'}",40,0.976333333333,0.990333333333,0.986,0.98825,0.982,0.9885,0.981666666667,0.989083333333,0.983,0.9885,0.0526209435344,0.0270406669806,0.00313120495088,0.000751664818919
60,6.53959999084,1.02239999771,0.980133333333,0.991716666667,0.5,1.0,rbf,"{'clf__gamma': 1.0, 'clf__C': 0.5, 'clf__kernel': 'rbf'}",43,0.974666666667,0.992666666667,0.985,0.991083333333,0.979666666667,0.9915,0.979666666667,0.99175,0.981666666667,0.991583333333,0.0784438791216,0.0414178923344,0.00335724754987,0.000523343948937
61,14.7608000278,2.22700004578,0.9602,0.990583333333,0.5,2.0,rbf,"{'clf__gamma': 2.0, 'clf__C': 0.5, 'clf__kernel': 'rbf'}",59,0.957,0.99125,0.965,0.989916666667,0.960666666667,0.990333333333,0.958666666667,0.990416666667,0.959666666667,0.991,0.562063107313,0.162587893426,0.00268824602049,0.000480162009696
62,67.3112000465,5.47839994431,0.9064,0.919216666667,0.5,4.0,rbf,"{'clf__gamma': 4.0, 'clf__C': 0.5, 'clf__kernel': 'rbf'}",87,0.906333333333,0.919833333333,0.907,0.9195,0.906,0.91875,0.907,0.918916666667,0.905666666667,0.919083333333,0.65529263739,0.0420218622003,0.000533333333333,0.000396512575112
63,84.3452000618,5.57799992561,0.903066666667,0.904083333333,0.5,8.0,rbf,"{'clf__gamma': 8.0, 'clf__C': 0.5, 'clf__kernel': 'rbf'}",107,0.903,0.903916666667,0.903,0.90375,0.903,0.90425,0.903666666667,0.904,0.902666666667,0.9045,0.837446488155,0.103377004967,0.000326598632371,0.000263523138347
64,82.2223999977,5.66420001984,0.903,0.904016666667,0.5,16.0,rbf,"{'clf__gamma': 16.0, 'clf__C': 0.5, 'clf__kernel': 'rbf'}",108,0.903,0.903833333333,0.903,0.90375,0.903,0.904166666667,0.903333333333,0.903916666667,0.902666666667,0.904416666667,1.12519182995,0.107309668816,0.000210818510678,0.000243812313972
65,80.4052000523,5.75159993172,0.903,0.903933333333,0.5,32.0,rbf,"{'clf__gamma': 32.0, 'clf__C': 0.5, 'clf__kernel': 'rbf'}",108,0.903,0.90375,0.903,0.903666666667,0.903,0.904083333333,0.903333333333,0.903833333333,0.902666666667,0.904333333333,1.26123029804,0.0943961455617,0.000210818510678,0.000243812313972
66,5.9006000042,0.917000007629,0.9584,0.961316666667,1.0,0.03125,rbf,"{'clf__gamma': 0.03125, 'clf__C': 1.0, 'clf__kernel': 'rbf'}",60,0.955,0.962666666667,0.962666666667,0.959333333333,0.958,0.96075,0.955333333333,0.962666666667,0.961,0.961166666667,0.111768774353,0.0577477041937,0.00303607934313,0.00125874717257
67,4.95980005264,0.820599937439,0.9744,0.977533333333,1.0,0.0625,rbf,"{'clf__gamma': 0.0625, 'clf__C': 1.0, 'clf__kernel': 'rbf'}",53,0.968333333333,0.979333333333,0.977333333333,0.976333333333,0.976,0.97725,0.973666666667,0.977333333333,0.976666666667,0.977416666667,0.0470336237803,0.0358195413184,0.00327549826574,0.000981212401969
68,4.41339998245,0.712799978256,0.981533333333,0.98575,1.0,0.125,rbf,"{'clf__gamma': 0.125, 'clf__C': 1.0, 'clf__kernel': 'rbf'}",42,0.976333333333,0.987,0.985,0.9855,0.981666666667,0.985333333333,0.981666666667,0.9855,0.983,0.985416666667,0.0688668342316,0.0333550374404,0.00287208789714,0.000628048122714
69,4.21759996414,0.672399997711,0.9852,0.990333333333,1.0,0.25,rbf,"{'clf__gamma': 0.25, 'clf__C': 1.0, 'clf__kernel': 'rbf'}",34,0.979333333333,0.991333333333,0.988333333333,0.990083333333,0.985333333333,0.989916666667,0.986,0.990416666667,0.987,0.989916666667,0.100097227336,0.0258116410186,0.00310268700753,0.000532290647422
70,4.58519992828,0.70920009613,0.986466666667,0.994316666667,1.0,0.5,rbf,"{'clf__gamma': 0.5, 'clf__C': 1.0, 'clf__kernel': 'rbf'}",30,0.980666666667,0.99475,0.989333333333,0.994583333333,0.986666666667,0.99425,0.987,0.994,0.988666666667,0.994,0.133661316795,0.03312644035,0.00306666666667,0.000304594448042
71,6.84340000153,1.01319999695,0.986133333333,0.997566666667,1.0,1.0,rbf,"{'clf__gamma': 1.0, 'clf__C': 1.0, 'clf__kernel': 'rbf'}",32,0.980333333333,0.997833333333,0.989,0.99775,0.986,0.997166666667,0.987333333333,0.997416666667,0.988,0.997666666667,0.0955041900683,0.0573668817087,0.00305941170816,0.000243812313972
72,29.3755999565,2.33199996948,0.975066666667,0.999183333333,1.0,2.0,rbf,"{'clf__gamma': 2.0, 'clf__C': 1.0, 'clf__kernel': 'rbf'}",51,0.971,0.999166666667,0.978333333333,0.999,0.974666666667,0.999166666667,0.974666666667,0.999333333333,0.976666666667,0.99925,0.329902798781,0.132554836151,0.0024531159324,0.000110554159679
73,77.9225999832,5.45880002975,0.914,0.99945,1.0,4.0,rbf,"{'clf__gamma': 4.0, 'clf__C': 1.0, 'clf__kernel': 'rbf'}",82,0.913333333333,0.999416666667,0.913666666667,0.99925,0.912333333333,0.9995,0.914666666667,0.9995,0.916,0.999583333333,0.408859145517,0.108352072396,0.00124721912892,0.000113038833052
74,92.4230000019,5.51519999504,0.9042,0.999516666667,1.0,8.0,rbf,"{'clf__gamma': 8.0, 'clf__C': 1.0, 'clf__kernel': 'rbf'}",99,0.904333333333,0.9995,0.905,0.999416666667,0.903666666667,0.9995,0.904666666667,0.999583333333,0.903333333333,0.999583333333,0.547073341998,0.0497409342633,0.000618241233033,6.23609564463e-05
75,97.2378001213,5.54719996452,0.904133333333,0.999516666667,1.0,16.0,rbf,"{'clf__gamma': 16.0, 'clf__C': 1.0, 'clf__kernel': 'rbf'}",100,0.904333333333,0.9995,0.905,0.999416666667,0.903666666667,0.9995,0.904333333333,0.999583333333,0.903333333333,0.999583333333,0.450473229226,0.055325983049,0.000581186525805,6.23609564463e-05
76,94.9703999996,5.5553999424,0.904133333333,0.999516666667,1.0,32.0,rbf,"{'clf__gamma': 32.0, 'clf__C': 1.0, 'clf__kernel': 'rbf'}",100,0.904333333333,0.9995,0.905,0.999416666667,0.903666666667,0.9995,0.904333333333,0.999583333333,0.903333333333,0.999583333333,0.618221514646,0.0623557739423,0.000581186525805,6.23609564463e-05
77,5.16419997215,0.775799942017,0.974866666667,0.978133333333,2.0,0.03125,rbf,"{'clf__gamma': 0.03125, 'clf__C': 2.0, 'clf__kernel': 'rbf'}",52,0.969333333333,0.979666666667,0.978,0.976916666667,0.976,0.978,0.974333333333,0.977666666667,0.976666666667,0.978416666667,0.0867280577811,0.00835217421351,0.00300813711271,0.000910738406154
78,4.37699999809,0.676999998093,0.982333333333,0.986566666667,2.0,0.0625,rbf,"{'clf__gamma': 0.0625, 'clf__C': 2.0, 'clf__kernel': 'rbf'}",39,0.976666666667,0.988166666667,0.985333333333,0.986416666667,0.982666666667,0.986083333333,0.982333333333,0.985916666667,0.984666666667,0.98625,0.0296378214587,0.0138419953833,0.0030550504633,0.000817176711475
79,3.96519994736,0.599000024796,0.986066666667,0.990583333333,2.0,0.125,rbf,"{'clf__gamma': 0.125, 'clf__C': 2.0, 'clf__kernel': 'rbf'}",33,0.980333333333,0.991833333333,0.988333333333,0.990166666667,0.986666666667,0.99025,0.986666666667,0.990416666667,0.988333333333,0.99025,0.0708389455319,0.0264953347186,0.00296198131887,0.00063025568004
80,3.79480004311,0.602199935913,0.987733333333,0.9943,2.0,0.25,rbf,"{'clf__gamma': 0.25, 'clf__C': 2.0, 'clf__kernel': 'rbf'}",18,0.982666666667,0.994833333333,0.991,0.994166666667,0.987333333333,0.994333333333,0.988,0.9945,0.989666666667,0.993666666667,0.0389481976486,0.015236742224,0.00283940525854,0.000385861230093
81,4.49959993362,0.713800001144,0.988133333333,0.99765,2.0,0.5,rbf,"{'clf__gamma': 0.5, 'clf__C': 2.0, 'clf__kernel': 'rbf'}",9,0.983666666667,0.997833333333,0.991,0.997833333333,0.988666666667,0.997416666667,0.987666666667,0.997583333333,0.989666666667,0.997583333333,0.100492013582,0.0328596869113,0.00249087222564,0.000161589328581
82,7.08779997826,1.03680005074,0.987,0.999216666667,2.0,1.0,rbf,"{'clf__gamma': 1.0, 'clf__C': 2.0, 'clf__kernel': 'rbf'}",21,0.982,0.999166666667,0.99,0.999083333333,0.987333333333,0.999166666667,0.986333333333,0.999333333333,0.989333333333,0.999333333333,0.20486527556,0.0345450092317,0.00282842712475,0.0001
83,37.7421999454,2.44220004082,0.976333333333,0.999516666667,2.0,2.0,rbf,"{'clf__gamma': 2.0, 'clf__C': 2.0, 'clf__kernel': 'rbf'}",45,0.970666666667,0.9995,0.979333333333,0.999416666667,0.977,0.9995,0.975333333333,0.999583333333,0.979333333333,0.999583333333,0.622424999863,0.153233700772,0.00321109188768,6.23609564463e-05
84,102.377800035,5.47919998169,0.918066666667,0.999516666667,2.0,4.0,rbf,"{'clf__gamma': 4.0, 'clf__C': 2.0, 'clf__kernel': 'rbf'}",75,0.918,0.9995,0.917666666667,0.999416666667,0.916666666667,0.9995,0.919,0.999583333333,0.919,0.999583333333,1.23876053354,0.123089275414,0.000879393730552,6.23609564463e-05
85,137.852399921,5.46540002823,0.904733333333,0.999516666667,2.0,8.0,rbf,"{'clf__gamma': 8.0, 'clf__C': 2.0, 'clf__kernel': 'rbf'}",89,0.905333333333,0.9995,0.905666666667,0.999416666667,0.904,0.9995,0.905333333333,0.999583333333,0.903333333333,0.999583333333,1.68598203332,0.116052694888,0.000904310664417,6.23609564463e-05
86,149.386799955,5.54040002823,0.904266666667,0.999516666667,2.0,16.0,rbf,"{'clf__gamma': 16.0, 'clf__C': 2.0, 'clf__kernel': 'rbf'}",94,0.904333333333,0.9995,0.905333333333,0.999416666667,0.903666666667,0.9995,0.904666666667,0.999583333333,0.903333333333,0.999583333333,3.89620078414,0.0858360902026,0.000711805216802,6.23609564463e-05
87,152.952799988,5.42919998169,0.904133333333,0.999516666667,2.0,32.0,rbf,"{'clf__gamma': 32.0, 'clf__C': 2.0, 'clf__kernel': 'rbf'}",100,0.904333333333,0.9995,0.905,0.999416666667,0.903666666667,0.9995,0.904333333333,0.999583333333,0.903333333333,0.999583333333,3.8510139213,0.0788171409061,0.000581186525805,6.23609564463e-05
88,4.36559996605,0.650199985504,0.9826,0.98685,4.0,0.03125,rbf,"{'clf__gamma': 0.03125, 'clf__C': 4.0, 'clf__kernel': 'rbf'}",38,0.976333333333,0.988583333333,0.986,0.9865,0.983333333333,0.986666666667,0.982333333333,0.986166666667,0.985,0.986333333333,0.0832864335635,0.022400010058,0.00338230690506,0.000882546819658
89,3.93640003204,0.56719994545,0.9864,0.99065,4.0,0.0625,rbf,"{'clf__gamma': 0.0625, 'clf__C': 4.0, 'clf__kernel': 'rbf'}",31,0.980666666667,0.99175,0.988666666667,0.99025,0.987,0.99025,0.987,0.9905,0.988666666667,0.9905,0.0477434988596,0.0176793765077,0.00296198131887,0.000561248608016
90,3.59640007019,0.516599941254,0.987933333333,0.994133333333,4.0,0.125,rbf,"{'clf__gamma': 0.125, 'clf__C': 4.0, 'clf__kernel': 'rbf'}",12,0.983333333333,0.99475,0.990333333333,0.993916666667,0.988666666667,0.99425,0.987666666667,0.994333333333,0.989666666667,0.993416666667,0.0802810850752,0.0106319767643,0.00247116706571,0.000445969605342
91,3.72620005608,0.544399929047,0.9884,0.9973,4.0,0.25,rbf,"{'clf__gamma': 0.25, 'clf__C': 4.0, 'clf__kernel': 'rbf'}",3,0.984666666667,0.99725,0.991333333333,0.997333333333,0.988666666667,0.997166666667,0.987333333333,0.9975,0.99,0.99725,0.055434259701,0.0192104452651,0.00229395340454,0.000113038833052
92,4.68260006905,0.708599996567,0.988266666667,0.999133333333,4.0,0.5,rbf,"{'clf__gamma': 0.5, 'clf__C': 4.0, 'clf__kernel': 'rbf'}",6,0.984666666667,0.999166666667,0.99,0.999,0.990333333333,0.999083333333,0.987,0.999166666667,0.989333333333,0.99925,0.0806388984906,0.0197241536512,0.00214372469211,8.49836585599e-05
93,7.21279997826,1.03379993439,0.986666666667,0.999516666667,4.0,1.0,rbf,"{'clf__gamma': 1.0, 'clf__C': 4.0, 'clf__kernel': 'rbf'}",23,0.982,0.9995,0.989666666667,0.999416666667,0.987,0.9995,0.986333333333,0.999583333333,0.988333333333,0.999583333333,0.150216416587,0.0289025806083,0.00259914515862,6.23609564463e-05
94,38.5688000202,2.44279994965,0.9762,0.999516666667,4.0,2.0,rbf,"{'clf__gamma': 2.0, 'clf__C': 4.0, 'clf__kernel': 'rbf'}",46,0.970666666667,0.9995,0.979666666667,0.999416666667,0.977,0.9995,0.975666666667,0.999583333333,0.978,0.999583333333,0.645092034046,0.182674993639,0.00305941170816,6.23609564463e-05
95,102.930600023,5.58160004616,0.918066666667,0.999516666667,4.0,4.0,rbf,"{'clf__gamma': 4.0, 'clf__C': 4.0, 'clf__kernel': 'rbf'}",75,0.918,0.9995,0.917666666667,0.999416666667,0.916666666667,0.9995,0.919,0.999583333333,0.919,0.999583333333,0.552301994327,0.171072558441,0.000879393730552,6.23609564463e-05
96,137.63579998,5.51859998703,0.904733333333,0.999516666667,4.0,8.0,rbf,"{'clf__gamma': 8.0, 'clf__C': 4.0, 'clf__kernel': 'rbf'}",89,0.905333333333,0.9995,0.905666666667,0.999416666667,0.904,0.9995,0.905333333333,0.999583333333,0.903333333333,0.999583333333,1.83856914349,0.0716844252906,0.000904310664417,6.23609564463e-05
97,148.789400005,5.5501999855,0.904266666667,0.999516666667,4.0,16.0,rbf,"{'clf__gamma': 16.0, 'clf__C': 4.0, 'clf__kernel': 'rbf'}",94,0.904333333333,0.9995,0.905333333333,0.999416666667,0.903666666667,0.9995,0.904666666667,0.999583333333,0.903333333333,0.999583333333,3.74177408457,0.0526930422641,0.000711805216802,6.23609564463e-05
98,151.965799999,5.47659993172,0.904133333333,0.999516666667,4.0,32.0,rbf,"{'clf__gamma': 32.0, 'clf__C': 4.0, 'clf__kernel': 'rbf'}",100,0.904333333333,0.9995,0.905,0.999416666667,0.903666666667,0.9995,0.904333333333,0.999583333333,0.903333333333,0.999583333333,4.75529060751,0.0917008867586,0.000581186525805,6.23609564463e-05
99,3.7960000515,0.547400045395,0.986533333333,0.99065,8.0,0.03125,rbf,"{'clf__gamma': 0.03125, 'clf__C': 8.0, 'clf__kernel': 'rbf'}",28,0.980666666667,0.99175,0.988666666667,0.99025,0.987333333333,0.990333333333,0.987,0.990583333333,0.989,0.990333333333,0.03898711696,0.00995191902614,0.00303021818063,0.000561248608016
100,3.48940000534,0.493400001526,0.988133333333,0.9939,8.0,0.0625,rbf,"{'clf__gamma': 0.0625, 'clf__C': 8.0, 'clf__kernel': 'rbf'}",9,0.983333333333,0.994416666667,0.990666666667,0.993416666667,0.989,0.994083333333,0.988,0.994083333333,0.989666666667,0.9935,0.0949223507303,0.0105564676505,0.00255255862921,0.000381517438075
101,3.39739990234,0.488999986649,0.988333333333,0.996783333333,8.0,0.125,rbf,"{'clf__gamma': 0.125, 'clf__C': 8.0, 'clf__kernel': 'rbf'}",4,0.984333333333,0.996583333333,0.991333333333,0.996833333333,0.989333333333,0.9965,0.987,0.997166666667,0.989666666667,0.996833333333,0.0589698676619,0.0301728405096,0.00243127767051,0.000233333333333
102,3.71919999123,0.526000022888,0.988466666667,0.998883333333,8.0,0.25,rbf,"{'clf__gamma': 0.25, 'clf__C': 8.0, 'clf__kernel': 'rbf'}",1,0.985,0.998916666667,0.990666666667,0.99875,0.990666666667,0.998916666667,0.986666666667,0.999083333333,0.989333333333,0.99875,0.0487499205901,0.0207557730679,0.00226666666667,0.000124721912892
103,4.77199997902,0.677399969101,0.988133333333,0.999516666667,8.0,0.5,rbf,"{'clf__gamma': 0.5, 'clf__C': 8.0, 'clf__kernel': 'rbf'}",9,0.984666666667,0.9995,0.99,0.999416666667,0.989666666667,0.9995,0.987,0.999583333333,0.989333333333,0.999583333333,0.0892927751206,0.0192312227336,0.00202868320729,6.23609564463e-05
104,7.13620004654,1.06919999123,0.986666666667,0.999516666667,8.0,1.0,rbf,"{'clf__gamma': 1.0, 'clf__C': 8.0, 'clf__kernel': 'rbf'}",23,0.982,0.9995,0.989666666667,0.999416666667,0.987,0.9995,0.986333333333,0.999583333333,0.988333333333,0.999583333333,0.156279797039,0.0259027946028,0.00259914515862,6.23609564463e-05
105,37.8585999489,2.44260001183,0.9762,0.999516666667,8.0,2.0,rbf,"{'clf__gamma': 2.0, 'clf__C': 8.0, 'clf__kernel': 'rbf'}",46,0.970666666667,0.9995,0.979666666667,0.999416666667,0.977,0.9995,0.975666666667,0.999583333333,0.978,0.999583333333,0.640415137634,0.165114024094,0.00305941170816,6.23609564463e-05
106,102.453999996,5.54400000572,0.918066666667,0.999516666667,8.0,4.0,rbf,"{'clf__gamma': 4.0, 'clf__C': 8.0, 'clf__kernel': 'rbf'}",75,0.918,0.9995,0.917666666667,0.999416666667,0.916666666667,0.9995,0.919,0.999583333333,0.919,0.999583333333,1.14986382698,0.149121420143,0.000879393730552,6.23609564463e-05
107,137.044399929,5.49359998703,0.904733333333,0.999516666667,8.0,8.0,rbf,"{'clf__gamma': 8.0, 'clf__C': 8.0, 'clf__kernel': 'rbf'}",89,0.905333333333,0.9995,0.905666666667,0.999416666667,0.904,0.9995,0.905333333333,0.999583333333,0.903333333333,0.999583333333,1.23584415504,0.101458523193,0.000904310664417,6.23609564463e-05
108,147.864400005,5.45340003967,0.904266666667,0.999516666667,8.0,16.0,rbf,"{'clf__gamma': 16.0, 'clf__C': 8.0, 'clf__kernel': 'rbf'}",94,0.904333333333,0.9995,0.905333333333,0.999416666667,0.903666666667,0.9995,0.904666666667,0.999583333333,0.903333333333,0.999583333333,3.72269759894,0.0563759600925,0.000711805216802,6.23609564463e-05
109,149.350999928,5.44700007439,0.904133333333,0.999516666667,8.0,32.0,rbf,"{'clf__gamma': 32.0, 'clf__C': 8.0, 'clf__kernel': 'rbf'}",100,0.904333333333,0.9995,0.905,0.999416666667,0.903666666667,0.9995,0.904333333333,0.999583333333,0.903333333333,0.999583333333,4.16977379427,0.0376722846599,0.000581186525805,6.23609564463e-05
110,3.32239995003,0.48780002594,0.987933333333,0.9938,16.0,0.03125,rbf,"{'clf__gamma': 0.03125, 'clf__C': 16.0, 'clf__kernel': 'rbf'}",12,0.983,0.994333333333,0.990666666667,0.99325,0.989,0.993916666667,0.987666666667,0.994,0.989333333333,0.9935,0.0472888482237,0.0196306312559,0.00264491125665,0.000382244831373
111,3.22420005798,0.446799993515,0.988266666667,0.996366666667,16.0,0.0625,rbf,"{'clf__gamma': 0.0625, 'clf__C': 16.0, 'clf__kernel': 'rbf'}",6,0.984,0.996166666667,0.991666666667,0.996583333333,0.989,0.996083333333,0.986666666667,0.996666666667,0.99,0.996333333333,0.0694821357701,0.00835226670087,0.00267830792355,0.000227303028283
112,3.28680009842,0.446799945831,0.9882,0.998683333333,16.0,0.125,rbf,"{'clf__gamma': 0.125, 'clf__C': 16.0, 'clf__kernel': 'rbf'}",8,0.985,0.99875,0.990666666667,0.998583333333,0.990666666667,0.99875,0.986,0.998916666667,0.988666666667,0.998416666667,0.0446515173917,0.00890849241959,0.00234378611083,0.00016996731712
113,3.70940003395,0.529199934006,0.987866666667,0.99935,16.0,0.25,rbf,"{'clf__gamma': 0.25, 'clf__C': 16.0, 'clf__kernel': 'rbf'}",16,0.985,0.999416666667,0.989666666667,0.999166666667,0.990333333333,0.99925,0.985666666667,0.9995,0.988666666667,0.999416666667,0.114069490737,0.0117029186296,0.00214579692526,0.000122474487139
114,4.74219999313,0.683799982071,0.987933333333,0.999516666667,16.0,0.5,rbf,"{'clf__gamma': 0.5, 'clf__C': 16.0, 'clf__kernel': 'rbf'}",12,0.984666666667,0.9995,0.989666666667,0.999416666667,0.989333333333,0.9995,0.986666666667,0.999583333333,0.989333333333,0.999583333333,0.0884112765599,0.0144553900204,0.00195959179423,6.23609564463e-05
115,7.29599995613,1.03920001984,0.986666666667,0.999516666667,16.0,1.0,rbf,"{'clf__gamma': 1.0, 'clf__C': 16.0, 'clf__kernel': 'rbf'}",23,0.982,0.9995,0.989666666667,0.999416666667,0.987,0.9995,0.986333333333,0.999583333333,0.988333333333,0.999583333333,0.219120091347,0.0230511507192,0.00259914515862,6.23609564463e-05
116,37.8050000191,2.41679997444,0.9762,0.999516666667,16.0,2.0,rbf,"{'clf__gamma': 2.0, 'clf__C': 16.0, 'clf__kernel': 'rbf'}",46,0.970666666667,0.9995,0.979666666667,0.999416666667,0.977,0.9995,0.975666666667,0.999583333333,0.978,0.999583333333,0.506315746111,0.190450362701,0.00305941170816,6.23609564463e-05
117,101.401000023,5.46819996834,0.918066666667,0.999516666667,16.0,4.0,rbf,"{'clf__gamma': 4.0, 'clf__C': 16.0, 'clf__kernel': 'rbf'}",75,0.918,0.9995,0.917666666667,0.999416666667,0.916666666667,0.9995,0.919,0.999583333333,0.919,0.999583333333,0.695255327953,0.113615882489,0.000879393730552,6.23609564463e-05
118,135.780800009,5.43619999886,0.904733333333,0.999516666667,16.0,8.0,rbf,"{'clf__gamma': 8.0, 'clf__C': 16.0, 'clf__kernel': 'rbf'}",89,0.905333333333,0.9995,0.905666666667,0.999416666667,0.904,0.9995,0.905333333333,0.999583333333,0.903333333333,0.999583333333,1.68873052809,0.0238948043061,0.000904310664417,6.23609564463e-05
119,147.603399992,5.4251999855,0.904266666667,0.999516666667,16.0,16.0,rbf,"{'clf__gamma': 16.0, 'clf__C': 16.0, 'clf__kernel': 'rbf'}",94,0.904333333333,0.9995,0.905333333333,0.999416666667,0.903666666667,0.9995,0.904666666667,0.999583333333,0.903333333333,0.999583333333,3.36534665579,0.0226221276719,0.000711805216802,6.23609564463e-05
120,149.340400028,5.42100000381,0.904133333333,0.999516666667,16.0,32.0,rbf,"{'clf__gamma': 32.0, 'clf__C': 16.0, 'clf__kernel': 'rbf'}",100,0.904333333333,0.9995,0.905,0.999416666667,0.903666666667,0.9995,0.904333333333,0.999583333333,0.903333333333,0.999583333333,4.22597824012,0.0414294213707,0.000581186525805,6.23609564463e-05
121,3.13820009232,0.423999977112,0.988466666667,0.99605,32.0,0.03125,rbf,"{'clf__gamma': 0.03125, 'clf__C': 32.0, 'clf__kernel': 'rbf'}",1,0.984666666667,0.996,0.991333333333,0.996,0.989,0.996,0.987,0.996166666667,0.990333333333,0.996083333333,0.0352840167336,0.00802488447982,0.00239072281027,6.66666666667e-05
122,3.12700004578,0.412399959564,0.9876,0.998383333333,32.0,0.0625,rbf,"{'clf__gamma': 0.0625, 'clf__C': 32.0, 'clf__kernel': 'rbf'}",20,0.984666666667,0.998583333333,0.990333333333,0.998333333333,0.988333333333,0.998333333333,0.985666666667,0.998583333333,0.989,0.998083333333,0.0812280986436,0.00646831095793,0.00211239726903,0.000187082869339
123,3.29439997673,0.44340004921,0.986533333333,0.99925,32.0,0.125,rbf,"{'clf__gamma': 0.125, 'clf__C': 32.0, 'clf__kernel': 'rbf'}",28,0.985,0.99925,0.988333333333,0.999,0.987333333333,0.99925,0.984666666667,0.999333333333,0.987333333333,0.999416666667,0.0722042070257,0.0107256752069,0.00143913554299,0.000139443337756
124,3.76660003662,0.537599992752,0.987666666667,0.999516666667,32.0,0.25,rbf,"{'clf__gamma': 0.25, 'clf__C': 32.0, 'clf__kernel': 'rbf'}",19,0.985,0.9995,0.989333333333,0.999416666667,0.99,0.9995,0.985333333333,0.999583333333,0.988666666667,0.999583333333,0.093305056481,0.00763151533095,0.002086996779,6.23609564463e-05
125,4.73939995766,0.704400014877,0.987933333333,0.999516666667,32.0,0.5,rbf,"{'clf__gamma': 0.5, 'clf__C': 32.0, 'clf__kernel': 'rbf'}",12,0.984666666667,0.9995,0.989666666667,0.999416666667,0.989333333333,0.9995,0.986666666667,0.999583333333,0.989333333333,0.999583333333,0.0600853149855,0.0330491055182,0.00195959179423,6.23609564463e-05
126,7.23980002403,1.03559999466,0.986666666667,0.999516666667,32.0,1.0,rbf,"{'clf__gamma': 1.0, 'clf__C': 32.0, 'clf__kernel': 'rbf'}",23,0.982,0.9995,0.989666666667,0.999416666667,0.987,0.9995,0.986333333333,0.999583333333,0.988333333333,0.999583333333,0.0910854476963,0.0502179083778,0.00259914515862,6.23609564463e-05
127,37.8922000885,2.43499994278,0.9762,0.999516666667,32.0,2.0,rbf,"{'clf__gamma': 2.0, 'clf__C': 32.0, 'clf__kernel': 'rbf'}",46,0.970666666667,0.9995,0.979666666667,0.999416666667,0.977,0.9995,0.975666666667,0.999583333333,0.978,0.999583333333,0.437318286653,0.15576006149,0.00305941170816,6.23609564463e-05
128,102.34199996,5.50260000229,0.918066666667,0.999516666667,32.0,4.0,rbf,"{'clf__gamma': 4.0, 'clf__C': 32.0, 'clf__kernel': 'rbf'}",75,0.918,0.9995,0.917666666667,0.999416666667,0.916666666667,0.9995,0.919,0.999583333333,0.919,0.999583333333,0.991166378251,0.145861081054,0.000879393730552,6.23609564463e-05
129,137.327399969,5.50700001717,0.904733333333,0.999516666667,32.0,8.0,rbf,"{'clf__gamma': 8.0, 'clf__C': 32.0, 'clf__kernel': 'rbf'}",89,0.905333333333,0.9995,0.905666666667,0.999416666667,0.904,0.9995,0.905333333333,0.999583333333,0.903333333333,0.999583333333,1.70572823066,0.0600167111967,0.000904310664417,6.23609564463e-05
130,148.005800009,5.45620002747,0.904266666667,0.999516666667,32.0,16.0,rbf,"{'clf__gamma': 16.0, 'clf__C': 32.0, 'clf__kernel': 'rbf'}",94,0.904333333333,0.9995,0.905333333333,0.999416666667,0.903666666667,0.9995,0.904666666667,0.999583333333,0.903333333333,0.999583333333,3.60974454393,0.0789466002706,0.000711805216802,6.23609564463e-05
131,146.040200043,4.70059990883,0.904133333333,0.999516666667,32.0,32.0,rbf,"{'clf__gamma': 32.0, 'clf__C': 32.0, 'clf__kernel': 'rbf'}",100,0.904333333333,0.9995,0.905,0.999416666667,0.903666666667,0.9995,0.904333333333,0.999583333333,0.903333333333,0.999583333333,8.7075609274,0.870113027353,0.000581186525805,6.23609564463e-05
